id,type,observedAt,leather_type,kind_of_animal,leather_type_tanned,thickness,thickness_UnitCode,ownedBy_Relationship,2d-coordinates_Polygon
urn:ngsi-ld:leather:forReview,leather,0,animal,pig,chrome,12.0,MMT,urn:ngsi-ld:Company:001,"[[[0.797991,0.809106],[0.796925,0.809056],[0.796417,0.808548],[0.794895,0.808548],[0.794387,0.80804],[0.792357,0.80804],[0.791849,0.807533],[0.789819,0.807533],[0.789311,0.807025],[0.787789,0.807025],[0.787281,0.806518],[0.785758,0.806518],[0.785251,0.80601],[0.783728,0.80601],[0.783221,0.805503],[0.782205,0.805503],[0.781698,0.804995],[0.780175,0.804995],[0.779668,0.804487],[0.778652,0.804487],[0.778145,0.80398],[0.77713,0.80398],[0.776622,0.803472],[0.7751,0.803472],[0.774592,0.802965],[0.773069,0.802965],[0.005076,0.123389],[0.797991,0.809106]]"